Link to paper,Score,Text,Cleaned,unigrams,bigrams,trigrams
https://link.springer.com/content/pdf/10.1140/epjds/s13688-017-0110-z.pdf,1,Introduction; Photographic Markers of Depression; Early Screening Applications; Method; Data Collection; Participant Safety and Privacy; Improving Data Quality; Feature Extraction; Units of Observation; Statistical Framework; Results; Discussion;,introduction photographic marker of depression early screening application method data collection participant safety and privacy improving data quality feature extraction unit of observation statistical framework result discussion,"['photographic', 'marker', 'early', 'screening', 'application', 'collection', 'participant', 'safety', 'privacy', 'improving', 'quality', 'extraction', 'unit', 'observation', 'statistical', 'framework']","['photographic marker', 'marker early', 'early screening', 'screening application', 'application collection', 'collection participant', 'participant safety', 'safety privacy', 'privacy improving', 'improving quality', 'quality extraction', 'extraction unit', 'unit observation', 'observation statistical', 'statistical framework']","['photographic marker early', 'marker early screening', 'early screening application', 'screening application collection', 'application collection participant', 'collection participant safety', 'participant safety privacy', 'safety privacy improving', 'privacy improving quality', 'improving quality extraction', 'quality extraction unit', 'extraction unit observation', 'unit observation statistical', 'observation statistical framework']"
https://dl.acm.org/doi/abs/10.1145/2858036.2858207 ,1,Abstract; introduction; contributions; findings; privacy ethics and disclosure; background and prior work; mental illness and suicide; mental health and suicide studies on social media; data; data collection; MHs and SW content verification; constructing user classes; methods; linguistic interpersonal & interaction measures; prediction framework; propensity score meaning; results; linguistic interpersonal & interaction differences; content differences; propensity score analysis; qualitative interpretation; spectral clustering of treatment tokens; extracting themes from clusters; hopelessness; anxiety; impulsiveness; self-esteem; loneliness; severe or stigmatized illness; classification results; discussion; clinical and societal relevance; implications for sci research and design; moderation efforts; self-reflection; ethical considerations; limitations and future directions; conclusion,abstract introduction contribution finding privacy ethic and disclosure background and prior work mental illness and suicide mental health and suicide study on social medium data data collection mhs and sw content verification constructing user class method linguistic interpersonal interaction measure prediction framework propensity score meaning result linguistic interpersonal interaction difference content difference propensity score analysis qualitative interpretation spectral clustering of treatment token extracting theme from cluster hopelessness anxiety impulsiveness selfesteem loneliness severe or stigmatized illness classification result discussion clinical and societal relevance implication for sci research and design moderation effort selfreflection ethical consideration limitation and future direction conclusion,"['contribution', 'finding', 'privacy', 'ethic', 'disclosure', 'background', 'prior', 'illness', 'suicide', 'suicide', 'study', 'medium', 'collection', 'mhs', 'sw', 'content', 'verification', 'constructing', 'class', 'interpersonal', 'interaction', 'measure', 'prediction', 'framework', 'propensity', 'score', 'meaning', 'interpersonal', 'interaction', 'content', 'propensity', 'score', 'qualitative', 'interpretation', 'spectral', 'clustering', 'treatment', 'token', 'extracting', 'theme', 'cluster', 'hopelessness', 'anxiety', 'impulsiveness', 'selfesteem', 'loneliness', 'severe', 'stigmatized', 'illness', 'clinical', 'societal', 'relevance', 'implication', 'sci', 'research', 'design', 'moderation', 'effort', 'selfreflection', 'ethical', 'consideration', 'limitation', 'future', 'direction']","['contribution finding', 'finding privacy', 'privacy ethic', 'ethic disclosure', 'disclosure background', 'background prior', 'prior illness', 'illness suicide', 'suicide suicide', 'suicide study', 'study medium', 'medium collection', 'collection mhs', 'mhs sw', 'sw content', 'content verification', 'verification constructing', 'constructing class', 'class interpersonal', 'interpersonal interaction', 'interaction measure', 'measure prediction', 'prediction framework', 'framework propensity', 'propensity score', 'score meaning', 'meaning interpersonal', 'interpersonal interaction', 'interaction content', 'content propensity', 'propensity score', 'score qualitative', 'qualitative interpretation', 'interpretation spectral', 'spectral clustering', 'clustering treatment', 'treatment token', 'token extracting', 'extracting theme', 'theme cluster', 'cluster hopelessness', 'hopelessness anxiety', 'anxiety impulsiveness', 'impulsiveness selfesteem', 'selfesteem loneliness', 'loneliness severe', 'severe stigmatized', 'stigmatized illness', 'illness clinical', 'clinical societal', 'societal relevance', 'relevance implication', 'implication sci', 'sci research', 'research design', 'design moderation', 'moderation effort', 'effort selfreflection', 'selfreflection ethical', 'ethical consideration', 'consideration limitation', 'limitation future', 'future direction']","['contribution finding privacy', 'finding privacy ethic', 'privacy ethic disclosure', 'ethic disclosure background', 'disclosure background prior', 'background prior illness', 'prior illness suicide', 'illness suicide suicide', 'suicide suicide study', 'suicide study medium', 'study medium collection', 'medium collection mhs', 'collection mhs sw', 'mhs sw content', 'sw content verification', 'content verification constructing', 'verification constructing class', 'constructing class interpersonal', 'class interpersonal interaction', 'interpersonal interaction measure', 'interaction measure prediction', 'measure prediction framework', 'prediction framework propensity', 'framework propensity score', 'propensity score meaning', 'score meaning interpersonal', 'meaning interpersonal interaction', 'interpersonal interaction content', 'interaction content propensity', 'content propensity score', 'propensity score qualitative', 'score qualitative interpretation', 'qualitative interpretation spectral', 'interpretation spectral clustering', 'spectral clustering treatment', 'clustering treatment token', 'treatment token extracting', 'token extracting theme', 'extracting theme cluster', 'theme cluster hopelessness', 'cluster hopelessness anxiety', 'hopelessness anxiety impulsiveness', 'anxiety impulsiveness selfesteem', 'impulsiveness selfesteem loneliness', 'selfesteem loneliness severe', 'loneliness severe stigmatized', 'severe stigmatized illness', 'stigmatized illness clinical', 'illness clinical societal', 'clinical societal relevance', 'societal relevance implication', 'relevance implication sci', 'implication sci research', 'sci research design', 'research design moderation', 'design moderation effort', 'moderation effort selfreflection', 'effort selfreflection ethical', 'selfreflection ethical consideration', 'ethical consideration limitation', 'consideration limitation future', 'limitation future direction']"
https://dl.acm.org/doi/abs/10.1145/2702613.2732733,0,Abstract; introduction; related work; self-disclosure data; data collection; generating ground truth on self-disclosure; self-disclosure inference; characterizing discourse via self-disclosure; design implications and future directions; conclusion,abstract introduction related work selfdisclosure data data collection generating ground truth on selfdisclosure selfdisclosure inference characterizing discourse via selfdisclosure design implication and future direction conclusion,"['selfdisclosure', 'collection', 'generating', 'ground', 'truth', 'selfdisclosure', 'selfdisclosure', 'inference', 'characterizing', 'discourse', 'via', 'selfdisclosure', 'design', 'implication', 'future', 'direction']","['selfdisclosure collection', 'collection generating', 'generating ground', 'ground truth', 'truth selfdisclosure', 'selfdisclosure selfdisclosure', 'selfdisclosure inference', 'inference characterizing', 'characterizing discourse', 'discourse via', 'via selfdisclosure', 'selfdisclosure design', 'design implication', 'implication future', 'future direction']","['selfdisclosure collection generating', 'collection generating ground', 'generating ground truth', 'ground truth selfdisclosure', 'truth selfdisclosure selfdisclosure', 'selfdisclosure selfdisclosure inference', 'selfdisclosure inference characterizing', 'inference characterizing discourse', 'characterizing discourse via', 'discourse via selfdisclosure', 'via selfdisclosure design', 'selfdisclosure design implication', 'design implication future', 'implication future direction']"
https://dl.acm.org/doi/abs/10.1145/2702123.2702280,0,Abstract; introduction; related work; methodology; data gathering; features for recognizing depression; results; comparison of features between users with and without depression; prediction accuracy; effects of the amount of data on prediction accuracy; discussion; conclusion,abstract introduction related work methodology data gathering feature for recognizing depression result comparison of feature between user with and without depression prediction accuracy effect of the amount of data on prediction accuracy discussion conclusion,"['methodology', 'gathering', 'recognizing', 'comparison', 'without', 'prediction', 'accuracy', 'effect', 'amount', 'prediction', 'accuracy']","['methodology gathering', 'gathering recognizing', 'recognizing comparison', 'comparison without', 'without prediction', 'prediction accuracy', 'accuracy effect', 'effect amount', 'amount prediction', 'prediction accuracy']","['methodology gathering recognizing', 'gathering recognizing comparison', 'recognizing comparison without', 'comparison without prediction', 'without prediction accuracy', 'prediction accuracy effect', 'accuracy effect amount', 'effect amount prediction', 'amount prediction accuracy']"
https://www.nature.com/articles/s41598-017-12961-9,1,Abstract; introduction; improvements and novel contributions; comparison with trained healthcare professionals; method; data collection; inclusion criteria; participant safety and privacy; improving data quality; summary statistics; feature extraction; units of observation; statistical framework; machine learning models; time series analysis; word shift graphs; results; machine learning classifier; word shift graphs; discussion;,abstract introduction improvement and novel contribution comparison with trained healthcare professional method data collection inclusion criterion participant safety and privacy improving data quality summary statistic feature extraction unit of observation statistical framework machine learning model time series analysis word shift graph result machine learning classifier word shift graph discussion,"['improvement', 'novel', 'contribution', 'comparison', 'trained', 'healthcare', 'professional', 'collection', 'inclusion', 'criterion', 'participant', 'safety', 'privacy', 'improving', 'quality', 'summary', 'statistic', 'extraction', 'unit', 'observation', 'statistical', 'framework', 'machine', 'learning', 'model', 'time', 'series', 'word', 'shift', 'graph', 'machine', 'learning', 'word', 'shift', 'graph']","['improvement novel', 'novel contribution', 'contribution comparison', 'comparison trained', 'trained healthcare', 'healthcare professional', 'professional collection', 'collection inclusion', 'inclusion criterion', 'criterion participant', 'participant safety', 'safety privacy', 'privacy improving', 'improving quality', 'quality summary', 'summary statistic', 'statistic extraction', 'extraction unit', 'unit observation', 'observation statistical', 'statistical framework', 'framework machine', 'machine learning', 'learning model', 'model time', 'time series', 'series word', 'word shift', 'shift graph', 'graph machine', 'machine learning', 'learning word', 'word shift', 'shift graph']","['improvement novel contribution', 'novel contribution comparison', 'contribution comparison trained', 'comparison trained healthcare', 'trained healthcare professional', 'healthcare professional collection', 'professional collection inclusion', 'collection inclusion criterion', 'inclusion criterion participant', 'criterion participant safety', 'participant safety privacy', 'safety privacy improving', 'privacy improving quality', 'improving quality summary', 'quality summary statistic', 'summary statistic extraction', 'statistic extraction unit', 'extraction unit observation', 'unit observation statistical', 'observation statistical framework', 'statistical framework machine', 'framework machine learning', 'machine learning model', 'learning model time', 'model time series', 'time series word', 'series word shift', 'word shift graph', 'shift graph machine', 'graph machine learning', 'machine learning word', 'learning word shift', 'word shift graph']"
https://aclanthology.org/W14-3214.pdf,0,Abstract; introduction; background; depression; related work; predicting degree of depression; method; dataset; degree of depression; regression modeling; ngrams; topics; lexica; number of words; evaluation and results; differential language analysis; conclusion,abstract introduction background depression related work predicting degree of depression method dataset degree of depression regression modeling ngrams topic lexica number of word evaluation and result differential language analysis conclusion,"['background', 'predicting', 'degree', 'dataset', 'degree', 'regression', 'modeling', 'ngrams', 'topic', 'lexica', 'number', 'word', 'evaluation', 'differential', 'language']","['background predicting', 'predicting degree', 'degree dataset', 'dataset degree', 'degree regression', 'regression modeling', 'modeling ngrams', 'ngrams topic', 'topic lexica', 'lexica number', 'number word', 'word evaluation', 'evaluation differential', 'differential language']","['background predicting degree', 'predicting degree dataset', 'degree dataset degree', 'dataset degree regression', 'degree regression modeling', 'regression modeling ngrams', 'modeling ngrams topic', 'ngrams topic lexica', 'topic lexica number', 'lexica number word', 'number word evaluation', 'word evaluation differential', 'evaluation differential language']"
https://ieeexplore.ieee.org/abstract/document/6784326,0,Abstract; introduction; background; method; data sets; feature extraction; classification and feature extraction; blog post classification; community classification; feature selection; results; classification; community classification; blog post classification; sentiment analysis; analysis of topics; analysis of linguistic styles; conclusion,abstract introduction background method data set feature extraction classification and feature extraction blog post classification community classification feature selection result classification community classification blog post classification sentiment analysis analysis of topic analysis of linguistic style conclusion,"['background', 'set', 'extraction', 'extraction', 'blog', 'post', 'community', 'selection', 'community', 'blog', 'post', 'sentiment', 'topic', 'style']","['background set', 'set extraction', 'extraction extraction', 'extraction blog', 'blog post', 'post community', 'community selection', 'selection community', 'community blog', 'blog post', 'post sentiment', 'sentiment topic', 'topic style']","['background set extraction', 'set extraction extraction', 'extraction extraction blog', 'extraction blog post', 'blog post community', 'post community selection', 'community selection community', 'selection community blog', 'community blog post', 'blog post sentiment', 'post sentiment topic', 'sentiment topic style']"
https://www.jmir.org/2017/7/e243/,0,Introduction; background; previous work; aim of the study; methods; data collection; suicide probability; depression anxiety and stress; weibo suicide communication (WSC); language features; data analysis; simplified Chinese-linguistic inquiry and word count (SC-LIWC) categories as markers; automatic machine classifiers as markers; results; SC-LIWS categories as markers; automatic machine classifiers as markers; discussion; principal findings; SC-LIWC categories as markers; automatic machine classifiers; limitations; implications and future research; conclusions,introduction background previous work aim of the study method data collection suicide probability depression anxiety and stress weibo suicide communication wsc language feature data analysis simplified chineselinguistic inquiry and word count scliwc category a marker automatic machine classifier a marker result scliws category a marker automatic machine classifier a marker discussion principal finding scliwc category a marker automatic machine classifier limitation implication and future research conclusion,"['background', 'previous', 'aim', 'study', 'collection', 'suicide', 'probability', 'anxiety', 'stress', 'weibo', 'suicide', 'communication', 'wsc', 'language', 'simplified', 'chineselinguistic', 'inquiry', 'word', 'count', 'scliwc', 'category', 'marker', 'automatic', 'machine', 'marker', 'scliws', 'category', 'marker', 'automatic', 'machine', 'marker', 'principal', 'finding', 'scliwc', 'category', 'marker', 'automatic', 'machine', 'limitation', 'implication', 'future', 'research']","['background previous', 'previous aim', 'aim study', 'study collection', 'collection suicide', 'suicide probability', 'probability anxiety', 'anxiety stress', 'stress weibo', 'weibo suicide', 'suicide communication', 'communication wsc', 'wsc language', 'language simplified', 'simplified chineselinguistic', 'chineselinguistic inquiry', 'inquiry word', 'word count', 'count scliwc', 'scliwc category', 'category marker', 'marker automatic', 'automatic machine', 'machine marker', 'marker scliws', 'scliws category', 'category marker', 'marker automatic', 'automatic machine', 'machine marker', 'marker principal', 'principal finding', 'finding scliwc', 'scliwc category', 'category marker', 'marker automatic', 'automatic machine', 'machine limitation', 'limitation implication', 'implication future', 'future research']","['background previous aim', 'previous aim study', 'aim study collection', 'study collection suicide', 'collection suicide probability', 'suicide probability anxiety', 'probability anxiety stress', 'anxiety stress weibo', 'stress weibo suicide', 'weibo suicide communication', 'suicide communication wsc', 'communication wsc language', 'wsc language simplified', 'language simplified chineselinguistic', 'simplified chineselinguistic inquiry', 'chineselinguistic inquiry word', 'inquiry word count', 'word count scliwc', 'count scliwc category', 'scliwc category marker', 'category marker automatic', 'marker automatic machine', 'automatic machine marker', 'machine marker scliws', 'marker scliws category', 'scliws category marker', 'category marker automatic', 'marker automatic machine', 'automatic machine marker', 'machine marker principal', 'marker principal finding', 'principal finding scliwc', 'finding scliwc category', 'scliwc category marker', 'category marker automatic', 'marker automatic machine', 'automatic machine limitation', 'machine limitation implication', 'limitation implication future', 'implication future research']"
https://dl.acm.org/doi/abs/10.1145/3025453.3025909,0,Abstract; introduction; related work; mental health of college campuses; social media and mental health; general population; college students; macro-scale mental well-being with social media; data; university data; social media data and universities; initial data acquisition; filling in the gaps in subreddit data; correcting for under-adoption of reddit; demographic representativeness; methods; mental health and control data; automatic identification of mental health expressions; mental well-being index of universities (MWI); results; aim 1: evaluating the mental health expression classifier; model performance; examining significant predictive features; expert evaluation of MH expressions in university subreddits; aim 2: analyzing MH expressions in universities; aim 3: relating MWI to university attributes; discussion; theoretical implications of the findings; implications for design; technologies for improving counseling efforts; technologies for assessing campus morale; limitations and future work; diagnostic claims casualties and generalizability; prevalence; evaluation; alternative data source; conclusion,abstract introduction related work mental health of college campus social medium and mental health general population college student macroscale mental wellbeing with social medium data university data social medium data and university initial data acquisition filling in the gap in subreddit data correcting for underadoption of reddit demographic representativeness method mental health and control data automatic identification of mental health expression mental wellbeing index of university mwi result aim evaluating the mental health expression classifier model performance examining significant predictive feature expert evaluation of mh expression in university subreddits aim analyzing mh expression in university aim relating mwi to university attribute discussion theoretical implication of the finding implication for design technology for improving counseling effort technology for assessing campus morale limitation and future work diagnostic claim casualty and generalizability prevalence evaluation alternative data source conclusion,"['college', 'campus', 'medium', 'general', 'population', 'college', 'student', 'macroscale', 'wellbeing', 'medium', 'university', 'medium', 'university', 'initial', 'acquisition', 'filling', 'gap', 'subreddit', 'correcting', 'underadoption', 'reddit', 'demographic', 'representativeness', 'control', 'automatic', 'identification', 'expression', 'wellbeing', 'index', 'university', 'mwi', 'aim', 'evaluating', 'expression', 'model', 'performance', 'examining', 'significant', 'predictive', 'expert', 'evaluation', 'mh', 'expression', 'university', 'subreddits', 'aim', 'analyzing', 'mh', 'expression', 'university', 'aim', 'relating', 'mwi', 'university', 'attribute', 'theoretical', 'implication', 'finding', 'implication', 'design', 'technology', 'improving', 'counseling', 'effort', 'technology', 'assessing', 'campus', 'morale', 'limitation', 'future', 'diagnostic', 'claim', 'casualty', 'generalizability', 'prevalence', 'evaluation', 'alternative', 'source']","['college campus', 'campus medium', 'medium general', 'general population', 'population college', 'college student', 'student macroscale', 'macroscale wellbeing', 'wellbeing medium', 'medium university', 'university medium', 'medium university', 'university initial', 'initial acquisition', 'acquisition filling', 'filling gap', 'gap subreddit', 'subreddit correcting', 'correcting underadoption', 'underadoption reddit', 'reddit demographic', 'demographic representativeness', 'representativeness control', 'control automatic', 'automatic identification', 'identification expression', 'expression wellbeing', 'wellbeing index', 'index university', 'university mwi', 'mwi aim', 'aim evaluating', 'evaluating expression', 'expression model', 'model performance', 'performance examining', 'examining significant', 'significant predictive', 'predictive expert', 'expert evaluation', 'evaluation mh', 'mh expression', 'expression university', 'university subreddits', 'subreddits aim', 'aim analyzing', 'analyzing mh', 'mh expression', 'expression university', 'university aim', 'aim relating', 'relating mwi', 'mwi university', 'university attribute', 'attribute theoretical', 'theoretical implication', 'implication finding', 'finding implication', 'implication design', 'design technology', 'technology improving', 'improving counseling', 'counseling effort', 'effort technology', 'technology assessing', 'assessing campus', 'campus morale', 'morale limitation', 'limitation future', 'future diagnostic', 'diagnostic claim', 'claim casualty', 'casualty generalizability', 'generalizability prevalence', 'prevalence evaluation', 'evaluation alternative', 'alternative source']","['college campus medium', 'campus medium general', 'medium general population', 'general population college', 'population college student', 'college student macroscale', 'student macroscale wellbeing', 'macroscale wellbeing medium', 'wellbeing medium university', 'medium university medium', 'university medium university', 'medium university initial', 'university initial acquisition', 'initial acquisition filling', 'acquisition filling gap', 'filling gap subreddit', 'gap subreddit correcting', 'subreddit correcting underadoption', 'correcting underadoption reddit', 'underadoption reddit demographic', 'reddit demographic representativeness', 'demographic representativeness control', 'representativeness control automatic', 'control automatic identification', 'automatic identification expression', 'identification expression wellbeing', 'expression wellbeing index', 'wellbeing index university', 'index university mwi', 'university mwi aim', 'mwi aim evaluating', 'aim evaluating expression', 'evaluating expression model', 'expression model performance', 'model performance examining', 'performance examining significant', 'examining significant predictive', 'significant predictive expert', 'predictive expert evaluation', 'expert evaluation mh', 'evaluation mh expression', 'mh expression university', 'expression university subreddits', 'university subreddits aim', 'subreddits aim analyzing', 'aim analyzing mh', 'analyzing mh expression', 'mh expression university', 'expression university aim', 'university aim relating', 'aim relating mwi', 'relating mwi university', 'mwi university attribute', 'university attribute theoretical', 'attribute theoretical implication', 'theoretical implication finding', 'implication finding implication', 'finding implication design', 'implication design technology', 'design technology improving', 'technology improving counseling', 'improving counseling effort', 'counseling effort technology', 'effort technology assessing', 'technology assessing campus', 'assessing campus morale', 'campus morale limitation', 'morale limitation future', 'limitation future diagnostic', 'future diagnostic claim', 'diagnostic claim casualty', 'claim casualty generalizability', 'casualty generalizability prevalence', 'generalizability prevalence evaluation', 'prevalence evaluation alternative', 'evaluation alternative source']"
https://ieeexplore.ieee.org/abstract/document/7752434,0,Abstract; introduction; the Midas system architecture; data collection; preprocessing; feature extraction; tf-idf features; pattern of life features (PLF); age and gender; polarity features; social features; prediction model; Midas interface and demonstration; user profile; mental disorder dimensions; conclusion,abstract introduction the midas system architecture data collection preprocessing feature extraction tfidf feature pattern of life feature plf age and gender polarity feature social feature prediction model midas interface and demonstration user profile mental disorder dimension conclusion,"['midas', 'system', 'architecture', 'collection', 'preprocessing', 'extraction', 'tfidf', 'pattern', 'life', 'plf', 'age', 'gender', 'polarity', 'prediction', 'model', 'midas', 'interface', 'demonstration', 'profile', 'disorder', 'dimension']","['midas system', 'system architecture', 'architecture collection', 'collection preprocessing', 'preprocessing extraction', 'extraction tfidf', 'tfidf pattern', 'pattern life', 'life plf', 'plf age', 'age gender', 'gender polarity', 'polarity prediction', 'prediction model', 'model midas', 'midas interface', 'interface demonstration', 'demonstration profile', 'profile disorder', 'disorder dimension']","['midas system architecture', 'system architecture collection', 'architecture collection preprocessing', 'collection preprocessing extraction', 'preprocessing extraction tfidf', 'extraction tfidf pattern', 'tfidf pattern life', 'pattern life plf', 'life plf age', 'plf age gender', 'age gender polarity', 'gender polarity prediction', 'polarity prediction model', 'prediction model midas', 'model midas interface', 'midas interface demonstration', 'interface demonstration profile', 'demonstration profile disorder', 'profile disorder dimension']"
https://www.nature.com/articles/s41598-020-68764-y,1,Abstract; introduction; study method; data collection; data pre-processing procedure; classification models; ethics declarations; results; discussion; data availability,abstract introduction study method data collection data preprocessing procedure classification model ethic declaration result discussion data availability,"['study', 'collection', 'preprocessing', 'procedure', 'model', 'ethic', 'declaration', 'availability']","['study collection', 'collection preprocessing', 'preprocessing procedure', 'procedure model', 'model ethic', 'ethic declaration', 'declaration availability']","['study collection preprocessing', 'collection preprocessing procedure', 'preprocessing procedure model', 'procedure model ethic', 'model ethic declaration', 'ethic declaration availability']"
https://aclanthology.org/W19-3013.pdf,1,Abstract; introduction; methodology; building digital cohorts; age; gender; race/ethnicity; location; mental health classifiers; analysis; discussion; conclusions; privacy and ethical considerations,abstract introduction methodology building digital cohort age gender raceethnicity location mental health classifier analysis discussion conclusion privacy and ethical consideration,"['methodology', 'building', 'digital', 'cohort', 'age', 'gender', 'raceethnicity', 'location', 'privacy', 'ethical', 'consideration']","['methodology building', 'building digital', 'digital cohort', 'cohort age', 'age gender', 'gender raceethnicity', 'raceethnicity location', 'location privacy', 'privacy ethical', 'ethical consideration']","['methodology building digital', 'building digital cohort', 'digital cohort age', 'cohort age gender', 'age gender raceethnicity', 'gender raceethnicity location', 'raceethnicity location privacy', 'location privacy ethical', 'privacy ethical consideration']"
https://link.springer.com/chapter/10.1007/978-3-319-67186-4_6,0,Abstract; introduction; context and related work; data; methodology; topic modeling; validation; results; frequent mental health topics across reddit public journalling and private journalling; analysis of journal moods and visibility; conclusions,abstract introduction context and related work data methodology topic modeling validation result frequent mental health topic across reddit public journalling and private journalling analysis of journal mood and visibility conclusion,"['context', 'methodology', 'topic', 'modeling', 'validation', 'frequent', 'topic', 'across', 'reddit', 'public', 'journalling', 'private', 'journalling', 'journal', 'mood', 'visibility']","['context methodology', 'methodology topic', 'topic modeling', 'modeling validation', 'validation frequent', 'frequent topic', 'topic across', 'across reddit', 'reddit public', 'public journalling', 'journalling private', 'private journalling', 'journalling journal', 'journal mood', 'mood visibility']","['context methodology topic', 'methodology topic modeling', 'topic modeling validation', 'modeling validation frequent', 'validation frequent topic', 'frequent topic across', 'topic across reddit', 'across reddit public', 'reddit public journalling', 'public journalling private', 'journalling private journalling', 'private journalling journal', 'journalling journal mood', 'journal mood visibility']"
https://dl.acm.org/doi/abs/10.1145/2556288.2557214,0,Abstract; introduction; related work; data and methods; data on health conditions; health condition severity and types; symptoms; benign explanations; serious illness; disabilities; stigma of health conditions; log data collection; search engine; health information seeking and sharing survey; results: prevalence intent & motivations; prevalence; intent of health activities; intent of search engine use; intent of twitter use for health information seeking; intent of sharing health information on twitter; motivations for health activities; motivations for twitter use for seeking health information; motivations for twitter use for sharing health information; summary; results: comparing health information; definitions; comparison: severity and type of conditions; comparison: social stigma of conditions; comparison: context of use; across condition severity; summary; results: privacy quality social support; discussion; design implications; future directions; conclusion,abstract introduction related work data and method data on health condition health condition severity and type symptom benign explanation serious illness disability stigma of health condition log data collection search engine health information seeking and sharing survey result prevalence intent motivation prevalence intent of health activity intent of search engine use intent of twitter use for health information seeking intent of sharing health information on twitter motivation for health activity motivation for twitter use for seeking health information motivation for twitter use for sharing health information summary result comparing health information definition comparison severity and type of condition comparison social stigma of condition comparison context of use across condition severity summary result privacy quality social support discussion design implication future direction conclusion,"['condition', 'condition', 'severity', 'type', 'symptom', 'benign', 'explanation', 'serious', 'illness', 'disability', 'stigma', 'condition', 'log', 'collection', 'search', 'engine', 'information', 'seeking', 'sharing', 'survey', 'prevalence', 'intent', 'motivation', 'prevalence', 'intent', 'activity', 'intent', 'search', 'engine', 'intent', 'information', 'seeking', 'intent', 'sharing', 'information', 'motivation', 'activity', 'motivation', 'seeking', 'information', 'motivation', 'sharing', 'information', 'summary', 'comparing', 'information', 'definition', 'comparison', 'severity', 'type', 'condition', 'comparison', 'stigma', 'condition', 'comparison', 'context', 'across', 'condition', 'severity', 'summary', 'privacy', 'quality', 'design', 'implication', 'future', 'direction']","['condition condition', 'condition severity', 'severity type', 'type symptom', 'symptom benign', 'benign explanation', 'explanation serious', 'serious illness', 'illness disability', 'disability stigma', 'stigma condition', 'condition log', 'log collection', 'collection search', 'search engine', 'engine information', 'information seeking', 'seeking sharing', 'sharing survey', 'survey prevalence', 'prevalence intent', 'intent motivation', 'motivation prevalence', 'prevalence intent', 'intent activity', 'activity intent', 'intent search', 'search engine', 'engine intent', 'intent information', 'information seeking', 'seeking intent', 'intent sharing', 'sharing information', 'information motivation', 'motivation activity', 'activity motivation', 'motivation seeking', 'seeking information', 'information motivation', 'motivation sharing', 'sharing information', 'information summary', 'summary comparing', 'comparing information', 'information definition', 'definition comparison', 'comparison severity', 'severity type', 'type condition', 'condition comparison', 'comparison stigma', 'stigma condition', 'condition comparison', 'comparison context', 'context across', 'across condition', 'condition severity', 'severity summary', 'summary privacy', 'privacy quality', 'quality design', 'design implication', 'implication future', 'future direction']","['condition condition severity', 'condition severity type', 'severity type symptom', 'type symptom benign', 'symptom benign explanation', 'benign explanation serious', 'explanation serious illness', 'serious illness disability', 'illness disability stigma', 'disability stigma condition', 'stigma condition log', 'condition log collection', 'log collection search', 'collection search engine', 'search engine information', 'engine information seeking', 'information seeking sharing', 'seeking sharing survey', 'sharing survey prevalence', 'survey prevalence intent', 'prevalence intent motivation', 'intent motivation prevalence', 'motivation prevalence intent', 'prevalence intent activity', 'intent activity intent', 'activity intent search', 'intent search engine', 'search engine intent', 'engine intent information', 'intent information seeking', 'information seeking intent', 'seeking intent sharing', 'intent sharing information', 'sharing information motivation', 'information motivation activity', 'motivation activity motivation', 'activity motivation seeking', 'motivation seeking information', 'seeking information motivation', 'information motivation sharing', 'motivation sharing information', 'sharing information summary', 'information summary comparing', 'summary comparing information', 'comparing information definition', 'information definition comparison', 'definition comparison severity', 'comparison severity type', 'severity type condition', 'type condition comparison', 'condition comparison stigma', 'comparison stigma condition', 'stigma condition comparison', 'condition comparison context', 'comparison context across', 'context across condition', 'across condition severity', 'condition severity summary', 'severity summary privacy', 'summary privacy quality', 'privacy quality design', 'quality design implication', 'design implication future', 'implication future direction']"
https://www.aaai.org/ocs/index.php/ICWSM/ICWSM14/paper/viewPaper/8075,0,Abstract; introduction; related work; data and methods; rq 1 results: self-disclosure; general linguistic attributes; mental health information sharing; rq 2 results: social support; factors driving social support; predictive variables; statistical technique; prediction results; characterizing social support; rq 3 results: anonymity and disinhibition; differences in language use; differences in social support; discussion; theoretical implications; self-disclosure; social support; anonymity; limitations; conclusion,abstract introduction related work data and method rq result selfdisclosure general linguistic attribute mental health information sharing rq result social support factor driving social support predictive variable statistical technique prediction result characterizing social support rq result anonymity and disinhibition difference in language use difference in social support discussion theoretical implication selfdisclosure social support anonymity limitation conclusion,"['rq', 'selfdisclosure', 'general', 'attribute', 'information', 'sharing', 'rq', 'factor', 'driving', 'predictive', 'variable', 'statistical', 'technique', 'prediction', 'characterizing', 'rq', 'anonymity', 'disinhibition', 'language', 'theoretical', 'implication', 'selfdisclosure', 'anonymity', 'limitation']","['rq selfdisclosure', 'selfdisclosure general', 'general attribute', 'attribute information', 'information sharing', 'sharing rq', 'rq factor', 'factor driving', 'driving predictive', 'predictive variable', 'variable statistical', 'statistical technique', 'technique prediction', 'prediction characterizing', 'characterizing rq', 'rq anonymity', 'anonymity disinhibition', 'disinhibition language', 'language theoretical', 'theoretical implication', 'implication selfdisclosure', 'selfdisclosure anonymity', 'anonymity limitation']","['rq selfdisclosure general', 'selfdisclosure general attribute', 'general attribute information', 'attribute information sharing', 'information sharing rq', 'sharing rq factor', 'rq factor driving', 'factor driving predictive', 'driving predictive variable', 'predictive variable statistical', 'variable statistical technique', 'statistical technique prediction', 'technique prediction characterizing', 'prediction characterizing rq', 'characterizing rq anonymity', 'rq anonymity disinhibition', 'anonymity disinhibition language', 'disinhibition language theoretical', 'language theoretical implication', 'theoretical implication selfdisclosure', 'implication selfdisclosure anonymity', 'selfdisclosure anonymity limitation']"
https://dl.acm.org/doi/abs/10.1145/3025453.3025932,1,Abstract; introduction; background and related work; self-disclosure and mental health; visual methods and visual sociology; social media imagery analysis; social media and mental well-being; data; data collection; data reliability; methods; visual features; visual themes; linguistic emotions of visual themes; linguistic themes; results; rq 1: visual features; rq 2a: visual themes; captioned images; self images; social images; food; graphic images; rq 2b: emotions manifested in visual themes; rq 3: linguistic themes; discussion; relationship of findings to visual sociology; implications for hci and design; (semi)-automated intervention tools; technologies for self-reflection; capabilities to avail social and emotional support; ethical considerations; limitations and future work; conclusion,abstract introduction background and related work selfdisclosure and mental health visual method and visual sociology social medium imagery analysis social medium and mental wellbeing data data collection data reliability method visual feature visual theme linguistic emotion of visual theme linguistic theme result rq visual feature rq a visual theme captioned image self image social image food graphic image rq b emotion manifested in visual theme rq linguistic theme discussion relationship of finding to visual sociology implication for hci and design semiautomated intervention tool technology for selfreflection capability to avail social and emotional support ethical consideration limitation and future work conclusion,"['background', 'selfdisclosure', 'visual', 'visual', 'sociology', 'medium', 'imagery', 'medium', 'wellbeing', 'collection', 'reliability', 'visual', 'visual', 'theme', 'emotion', 'visual', 'theme', 'theme', 'rq', 'visual', 'rq', 'visual', 'theme', 'captioned', 'image', 'self', 'image', 'image', 'food', 'graphic', 'image', 'rq', 'b', 'emotion', 'manifested', 'visual', 'theme', 'rq', 'theme', 'relationship', 'finding', 'visual', 'sociology', 'implication', 'hci', 'design', 'semiautomated', 'intervention', 'tool', 'technology', 'selfreflection', 'capability', 'avail', 'emotional', 'ethical', 'consideration', 'limitation', 'future']","['background selfdisclosure', 'selfdisclosure visual', 'visual visual', 'visual sociology', 'sociology medium', 'medium imagery', 'imagery medium', 'medium wellbeing', 'wellbeing collection', 'collection reliability', 'reliability visual', 'visual visual', 'visual theme', 'theme emotion', 'emotion visual', 'visual theme', 'theme theme', 'theme rq', 'rq visual', 'visual rq', 'rq visual', 'visual theme', 'theme captioned', 'captioned image', 'image self', 'self image', 'image image', 'image food', 'food graphic', 'graphic image', 'image rq', 'rq b', 'b emotion', 'emotion manifested', 'manifested visual', 'visual theme', 'theme rq', 'rq theme', 'theme relationship', 'relationship finding', 'finding visual', 'visual sociology', 'sociology implication', 'implication hci', 'hci design', 'design semiautomated', 'semiautomated intervention', 'intervention tool', 'tool technology', 'technology selfreflection', 'selfreflection capability', 'capability avail', 'avail emotional', 'emotional ethical', 'ethical consideration', 'consideration limitation', 'limitation future']","['background selfdisclosure visual', 'selfdisclosure visual visual', 'visual visual sociology', 'visual sociology medium', 'sociology medium imagery', 'medium imagery medium', 'imagery medium wellbeing', 'medium wellbeing collection', 'wellbeing collection reliability', 'collection reliability visual', 'reliability visual visual', 'visual visual theme', 'visual theme emotion', 'theme emotion visual', 'emotion visual theme', 'visual theme theme', 'theme theme rq', 'theme rq visual', 'rq visual rq', 'visual rq visual', 'rq visual theme', 'visual theme captioned', 'theme captioned image', 'captioned image self', 'image self image', 'self image image', 'image image food', 'image food graphic', 'food graphic image', 'graphic image rq', 'image rq b', 'rq b emotion', 'b emotion manifested', 'emotion manifested visual', 'manifested visual theme', 'visual theme rq', 'theme rq theme', 'rq theme relationship', 'theme relationship finding', 'relationship finding visual', 'finding visual sociology', 'visual sociology implication', 'sociology implication hci', 'implication hci design', 'hci design semiautomated', 'design semiautomated intervention', 'semiautomated intervention tool', 'intervention tool technology', 'tool technology selfreflection', 'technology selfreflection capability', 'selfreflection capability avail', 'capability avail emotional', 'avail emotional ethical', 'emotional ethical consideration', 'ethical consideration limitation', 'consideration limitation future']"
https://www.sciencedirect.com/science/article/pii/S0747563215300996,0,Abstract; introduction; methods; tweets related to depression; themes; presence of depression symptoms; demographic characteristics; results; themes; source of tweets; symptoms of depression conveyed in tweets; demographics of twitter users; discussion,abstract introduction method tweet related to depression theme presence of depression symptom demographic characteristic result theme source of tweet symptom of depression conveyed in tweet demographic of twitter user discussion,"['theme', 'presence', 'symptom', 'demographic', 'characteristic', 'theme', 'source', 'symptom', 'conveyed', 'demographic']","['theme presence', 'presence symptom', 'symptom demographic', 'demographic characteristic', 'characteristic theme', 'theme source', 'source symptom', 'symptom conveyed', 'conveyed demographic']","['theme presence symptom', 'presence symptom demographic', 'symptom demographic characteristic', 'demographic characteristic theme', 'characteristic theme source', 'theme source symptom', 'source symptom conveyed', 'symptom conveyed demographic']"
https://aclanthology.org/W15-1202.pdf,0,Abstract; introduction; background and motivation; data; age- and gender-matched controls; drawbacks of a balanced dataset; concomitance; methods; lexicon-based approaches; open-vocabulary approaches; latent dirichlet allocation; brown clustering; character n-grams; perplexity; results; isolated features; liwc vectors; latent dirichlet allocation; brown clustering; perplexity; machine learning; analysis of language-based signals: lad and brown clustering; conclusion,abstract introduction background and motivation data age and gendermatched control drawback of a balanced dataset concomitance method lexiconbased approach openvocabulary approach latent dirichlet allocation brown clustering character ngrams perplexity result isolated feature liwc vector latent dirichlet allocation brown clustering perplexity machine learning analysis of languagebased signal lad and brown clustering conclusion,"['background', 'motivation', 'age', 'gendermatched', 'control', 'drawback', 'balanced', 'dataset', 'concomitance', 'lexiconbased', 'approach', 'openvocabulary', 'approach', 'latent', 'dirichlet', 'allocation', 'brown', 'clustering', 'character', 'ngrams', 'perplexity', 'isolated', 'liwc', 'vector', 'latent', 'dirichlet', 'allocation', 'brown', 'clustering', 'perplexity', 'machine', 'learning', 'languagebased', 'signal', 'lad', 'brown', 'clustering']","['background motivation', 'motivation age', 'age gendermatched', 'gendermatched control', 'control drawback', 'drawback balanced', 'balanced dataset', 'dataset concomitance', 'concomitance lexiconbased', 'lexiconbased approach', 'approach openvocabulary', 'openvocabulary approach', 'approach latent', 'latent dirichlet', 'dirichlet allocation', 'allocation brown', 'brown clustering', 'clustering character', 'character ngrams', 'ngrams perplexity', 'perplexity isolated', 'isolated liwc', 'liwc vector', 'vector latent', 'latent dirichlet', 'dirichlet allocation', 'allocation brown', 'brown clustering', 'clustering perplexity', 'perplexity machine', 'machine learning', 'learning languagebased', 'languagebased signal', 'signal lad', 'lad brown', 'brown clustering']","['background motivation age', 'motivation age gendermatched', 'age gendermatched control', 'gendermatched control drawback', 'control drawback balanced', 'drawback balanced dataset', 'balanced dataset concomitance', 'dataset concomitance lexiconbased', 'concomitance lexiconbased approach', 'lexiconbased approach openvocabulary', 'approach openvocabulary approach', 'openvocabulary approach latent', 'approach latent dirichlet', 'latent dirichlet allocation', 'dirichlet allocation brown', 'allocation brown clustering', 'brown clustering character', 'clustering character ngrams', 'character ngrams perplexity', 'ngrams perplexity isolated', 'perplexity isolated liwc', 'isolated liwc vector', 'liwc vector latent', 'vector latent dirichlet', 'latent dirichlet allocation', 'dirichlet allocation brown', 'allocation brown clustering', 'brown clustering perplexity', 'clustering perplexity machine', 'perplexity machine learning', 'machine learning languagebased', 'learning languagebased signal', 'languagebased signal lad', 'signal lad brown', 'lad brown clustering']"
https://dl.acm.org/doi/abs/10.1145/2700171.2791026,1,Abstract; introduction; background; Werther effect and copycat suicides; psychology of suicide; health well-being and social media; data; social media data; wikipedia data; methods; measuring post volume; developing a baseline; developing a control; content analysis; linguistic measures; n-gram analysis; topic model analysis; results; measuring post volume; content analysis; linguistic measures; n-gram comparison; topic model analysis; discussion; implications of findings; ethics; conclusion,abstract introduction background werther effect and copycat suicide psychology of suicide health wellbeing and social medium data social medium data wikipedia data method measuring post volume developing a baseline developing a control content analysis linguistic measure ngram analysis topic model analysis result measuring post volume content analysis linguistic measure ngram comparison topic model analysis discussion implication of finding ethic conclusion,"['background', 'werther', 'effect', 'copycat', 'suicide', 'psychology', 'suicide', 'wellbeing', 'medium', 'medium', 'wikipedia', 'measuring', 'post', 'volume', 'developing', 'baseline', 'developing', 'control', 'content', 'measure', 'ngram', 'topic', 'model', 'measuring', 'post', 'volume', 'content', 'measure', 'ngram', 'comparison', 'topic', 'model', 'implication', 'finding', 'ethic']","['background werther', 'werther effect', 'effect copycat', 'copycat suicide', 'suicide psychology', 'psychology suicide', 'suicide wellbeing', 'wellbeing medium', 'medium medium', 'medium wikipedia', 'wikipedia measuring', 'measuring post', 'post volume', 'volume developing', 'developing baseline', 'baseline developing', 'developing control', 'control content', 'content measure', 'measure ngram', 'ngram topic', 'topic model', 'model measuring', 'measuring post', 'post volume', 'volume content', 'content measure', 'measure ngram', 'ngram comparison', 'comparison topic', 'topic model', 'model implication', 'implication finding', 'finding ethic']","['background werther effect', 'werther effect copycat', 'effect copycat suicide', 'copycat suicide psychology', 'suicide psychology suicide', 'psychology suicide wellbeing', 'suicide wellbeing medium', 'wellbeing medium medium', 'medium medium wikipedia', 'medium wikipedia measuring', 'wikipedia measuring post', 'measuring post volume', 'post volume developing', 'volume developing baseline', 'developing baseline developing', 'baseline developing control', 'developing control content', 'control content measure', 'content measure ngram', 'measure ngram topic', 'ngram topic model', 'topic model measuring', 'model measuring post', 'measuring post volume', 'post volume content', 'volume content measure', 'content measure ngram', 'measure ngram comparison', 'ngram comparison topic', 'comparison topic model', 'topic model implication', 'model implication finding', 'implication finding ethic']"
https://aclanthology.org/W17-3110.pdf,1,Abstract; introduction; why social media?; social media micropattern analysis; symptom dynamics; data; caveats; methods; results; micro patterns are not randomly distributed; differences in micropatterns; separating users; discussion; ethics and privacy; conclusion,abstract introduction why social medium social medium micropattern analysis symptom dynamic data caveat method result micro pattern are not randomly distributed difference in micropatterns separating user discussion ethic and privacy conclusion,"['medium', 'medium', 'micropattern', 'symptom', 'dynamic', 'caveat', 'micro', 'pattern', 'randomly', 'distributed', 'micropatterns', 'separating', 'ethic', 'privacy']","['medium medium', 'medium micropattern', 'micropattern symptom', 'symptom dynamic', 'dynamic caveat', 'caveat micro', 'micro pattern', 'pattern randomly', 'randomly distributed', 'distributed micropatterns', 'micropatterns separating', 'separating ethic', 'ethic privacy']","['medium medium micropattern', 'medium micropattern symptom', 'micropattern symptom dynamic', 'symptom dynamic caveat', 'dynamic caveat micro', 'caveat micro pattern', 'micro pattern randomly', 'pattern randomly distributed', 'randomly distributed micropatterns', 'distributed micropatterns separating', 'micropatterns separating ethic', 'separating ethic privacy']"
https://dl.acm.org/doi/abs/10.1145/2998181.2998220,1,Abstract; introduction; privacy and ethics; related work; gaps in gender and cultural dimensions of mental health; gender; culture; social media and health; data; twitter data; gender and country inference; gender inference; country name inference; validation; handling population and internet penetration bias; methods; obtaining genuine mental health disclosure data; expert verification of mental health disclosures; developing an accurate control dataset; quantifying differences in disclosures; linguistic measures; topic modeling; results; gender differences; linguistic differences; affective attributes (gender); cognitive attributes (gender); lexical density and awareness (gender); temporal references (gender); social/personal concerns (gender); interpersonal focus (gender); topical differences; cross-cultural differences; linguistic differences; affective attributes (culture); cognitive attributes (culture); lexical density and awareness (culture); temporal references (culture); social/personal concerns (culture); interpersonal focus (culture); topical differences; interaction between gender and culture; discussion; theoretical and practical implications; reflecting on gender differences; reflecting on cultural differences; gender and culture; design implications and ethics; making interventions culture-aware; making interventions gender-aware; limitations; conclusions,abstract introduction privacy and ethic related work gap in gender and cultural dimension of mental health gender culture social medium and health data twitter data gender and country inference gender inference country name inference validation handling population and internet penetration bias method obtaining genuine mental health disclosure data expert verification of mental health disclosure developing an accurate control dataset quantifying difference in disclosure linguistic measure topic modeling result gender difference linguistic difference affective attribute gender cognitive attribute gender lexical density and awareness gender temporal reference gender socialpersonal concern gender interpersonal focus gender topical difference crosscultural difference linguistic difference affective attribute culture cognitive attribute culture lexical density and awareness culture temporal reference culture socialpersonal concern culture interpersonal focus culture topical difference interaction between gender and culture discussion theoretical and practical implication reflecting on gender difference reflecting on cultural difference gender and culture design implication and ethic making intervention cultureaware making intervention genderaware limitation conclusion,"['privacy', 'ethic', 'gap', 'gender', 'dimension', 'gender', 'medium', 'gender', 'country', 'inference', 'gender', 'inference', 'country', 'name', 'inference', 'validation', 'handling', 'population', 'internet', 'penetration', 'bias', 'obtaining', 'genuine', 'disclosure', 'expert', 'verification', 'disclosure', 'developing', 'accurate', 'control', 'dataset', 'quantifying', 'disclosure', 'measure', 'topic', 'modeling', 'gender', 'affective', 'attribute', 'gender', 'cognitive', 'attribute', 'gender', 'lexical', 'density', 'awareness', 'gender', 'temporal', 'reference', 'gender', 'socialpersonal', 'concern', 'gender', 'interpersonal', 'focus', 'gender', 'topical', 'crosscultural', 'affective', 'attribute', 'cognitive', 'attribute', 'lexical', 'density', 'awareness', 'temporal', 'reference', 'socialpersonal', 'concern', 'interpersonal', 'focus', 'topical', 'interaction', 'gender', 'theoretical', 'practical', 'implication', 'reflecting', 'gender', 'reflecting', 'gender', 'design', 'implication', 'ethic', 'making', 'intervention', 'cultureaware', 'making', 'intervention', 'genderaware', 'limitation']","['privacy ethic', 'ethic gap', 'gap gender', 'gender dimension', 'dimension gender', 'gender medium', 'medium gender', 'gender country', 'country inference', 'inference gender', 'gender inference', 'inference country', 'country name', 'name inference', 'inference validation', 'validation handling', 'handling population', 'population internet', 'internet penetration', 'penetration bias', 'bias obtaining', 'obtaining genuine', 'genuine disclosure', 'disclosure expert', 'expert verification', 'verification disclosure', 'disclosure developing', 'developing accurate', 'accurate control', 'control dataset', 'dataset quantifying', 'quantifying disclosure', 'disclosure measure', 'measure topic', 'topic modeling', 'modeling gender', 'gender affective', 'affective attribute', 'attribute gender', 'gender cognitive', 'cognitive attribute', 'attribute gender', 'gender lexical', 'lexical density', 'density awareness', 'awareness gender', 'gender temporal', 'temporal reference', 'reference gender', 'gender socialpersonal', 'socialpersonal concern', 'concern gender', 'gender interpersonal', 'interpersonal focus', 'focus gender', 'gender topical', 'topical crosscultural', 'crosscultural affective', 'affective attribute', 'attribute cognitive', 'cognitive attribute', 'attribute lexical', 'lexical density', 'density awareness', 'awareness temporal', 'temporal reference', 'reference socialpersonal', 'socialpersonal concern', 'concern interpersonal', 'interpersonal focus', 'focus topical', 'topical interaction', 'interaction gender', 'gender theoretical', 'theoretical practical', 'practical implication', 'implication reflecting', 'reflecting gender', 'gender reflecting', 'reflecting gender', 'gender design', 'design implication', 'implication ethic', 'ethic making', 'making intervention', 'intervention cultureaware', 'cultureaware making', 'making intervention', 'intervention genderaware', 'genderaware limitation']","['privacy ethic gap', 'ethic gap gender', 'gap gender dimension', 'gender dimension gender', 'dimension gender medium', 'gender medium gender', 'medium gender country', 'gender country inference', 'country inference gender', 'inference gender inference', 'gender inference country', 'inference country name', 'country name inference', 'name inference validation', 'inference validation handling', 'validation handling population', 'handling population internet', 'population internet penetration', 'internet penetration bias', 'penetration bias obtaining', 'bias obtaining genuine', 'obtaining genuine disclosure', 'genuine disclosure expert', 'disclosure expert verification', 'expert verification disclosure', 'verification disclosure developing', 'disclosure developing accurate', 'developing accurate control', 'accurate control dataset', 'control dataset quantifying', 'dataset quantifying disclosure', 'quantifying disclosure measure', 'disclosure measure topic', 'measure topic modeling', 'topic modeling gender', 'modeling gender affective', 'gender affective attribute', 'affective attribute gender', 'attribute gender cognitive', 'gender cognitive attribute', 'cognitive attribute gender', 'attribute gender lexical', 'gender lexical density', 'lexical density awareness', 'density awareness gender', 'awareness gender temporal', 'gender temporal reference', 'temporal reference gender', 'reference gender socialpersonal', 'gender socialpersonal concern', 'socialpersonal concern gender', 'concern gender interpersonal', 'gender interpersonal focus', 'interpersonal focus gender', 'focus gender topical', 'gender topical crosscultural', 'topical crosscultural affective', 'crosscultural affective attribute', 'affective attribute cognitive', 'attribute cognitive attribute', 'cognitive attribute lexical', 'attribute lexical density', 'lexical density awareness', 'density awareness temporal', 'awareness temporal reference', 'temporal reference socialpersonal', 'reference socialpersonal concern', 'socialpersonal concern interpersonal', 'concern interpersonal focus', 'interpersonal focus topical', 'focus topical interaction', 'topical interaction gender', 'interaction gender theoretical', 'gender theoretical practical', 'theoretical practical implication', 'practical implication reflecting', 'implication reflecting gender', 'reflecting gender reflecting', 'gender reflecting gender', 'reflecting gender design', 'gender design implication', 'design implication ethic', 'implication ethic making', 'ethic making intervention', 'making intervention cultureaware', 'intervention cultureaware making', 'cultureaware making intervention', 'making intervention genderaware', 'intervention genderaware limitation']"
https://www.jmir.org/2019/6/e14199/,1,Abstract; introduction; background; objectives; methods; study steps; data collection and user selection; data analysis; ethical approval; results; distribution over time; part-of-speech; emotion analysis; negation words; polarity analysis; discussion; principal findings; different distributions of tweets over time; different style of writing; predominant emotions; negative focused emotion language; negative polarity; limitations and future directions; conclusions,abstract introduction background objective method study step data collection and user selection data analysis ethical approval result distribution over time partofspeech emotion analysis negation word polarity analysis discussion principal finding different distribution of tweet over time different style of writing predominant emotion negative focused emotion language negative polarity limitation and future direction conclusion,"['background', 'objective', 'study', 'step', 'collection', 'selection', 'ethical', 'approval', 'distribution', 'time', 'partofspeech', 'emotion', 'negation', 'word', 'polarity', 'principal', 'finding', 'different', 'distribution', 'time', 'different', 'style', 'writing', 'predominant', 'emotion', 'negative', 'focused', 'emotion', 'language', 'negative', 'polarity', 'limitation', 'future', 'direction']","['background objective', 'objective study', 'study step', 'step collection', 'collection selection', 'selection ethical', 'ethical approval', 'approval distribution', 'distribution time', 'time partofspeech', 'partofspeech emotion', 'emotion negation', 'negation word', 'word polarity', 'polarity principal', 'principal finding', 'finding different', 'different distribution', 'distribution time', 'time different', 'different style', 'style writing', 'writing predominant', 'predominant emotion', 'emotion negative', 'negative focused', 'focused emotion', 'emotion language', 'language negative', 'negative polarity', 'polarity limitation', 'limitation future', 'future direction']","['background objective study', 'objective study step', 'study step collection', 'step collection selection', 'collection selection ethical', 'selection ethical approval', 'ethical approval distribution', 'approval distribution time', 'distribution time partofspeech', 'time partofspeech emotion', 'partofspeech emotion negation', 'emotion negation word', 'negation word polarity', 'word polarity principal', 'polarity principal finding', 'principal finding different', 'finding different distribution', 'different distribution time', 'distribution time different', 'time different style', 'different style writing', 'style writing predominant', 'writing predominant emotion', 'predominant emotion negative', 'emotion negative focused', 'negative focused emotion', 'focused emotion language', 'emotion language negative', 'language negative polarity', 'negative polarity limitation', 'polarity limitation future', 'limitation future direction']"
https://aclanthology.org/W18-0608.pdf,0,Abstract; introduction; cross-cultural differences in depression experience and expression; depression expression; beliefs and mental illness; language markers of depression online; cultural differences in online language markers of depression; the present study; methods; data collection; measures; results; descriptive statistics; liic analyses; topic modeling; discussion; conclusion,abstract introduction crosscultural difference in depression experience and expression depression expression belief and mental illness language marker of depression online cultural difference in online language marker of depression the present study method data collection measure result descriptive statistic liic analysis topic modeling discussion conclusion,"['crosscultural', 'experience', 'expression', 'expression', 'belief', 'illness', 'language', 'marker', 'online', 'online', 'language', 'marker', 'present', 'study', 'collection', 'measure', 'descriptive', 'statistic', 'liic', 'topic', 'modeling']","['crosscultural experience', 'experience expression', 'expression expression', 'expression belief', 'belief illness', 'illness language', 'language marker', 'marker online', 'online online', 'online language', 'language marker', 'marker present', 'present study', 'study collection', 'collection measure', 'measure descriptive', 'descriptive statistic', 'statistic liic', 'liic topic', 'topic modeling']","['crosscultural experience expression', 'experience expression expression', 'expression expression belief', 'expression belief illness', 'belief illness language', 'illness language marker', 'language marker online', 'marker online online', 'online online language', 'online language marker', 'language marker present', 'marker present study', 'present study collection', 'study collection measure', 'collection measure descriptive', 'measure descriptive statistic', 'descriptive statistic liic', 'statistic liic topic', 'liic topic modeling']"
https://dl.acm.org/doi/pdf/10.1145/3359169,1,Introduction; background and related work; past work in mental health and hci; cross-cultural differences in expression of mental health; expression of mental health in general online communities; cultural differences in online mental health communities; data and methods of analysis; method of analysis; selection criteria and data scope; defining cultural identity and use of clinical language; constraints limitations and tradeoffs; platform context; talklife; defining posts and replies; 7cups; privacy ethics and disclosure; cross sectional analysis; identity-based expression of mental health; linguistic differences in mental health expression and support; differences in clinical language use; general linguistic differences; support behavior and cultural homophily; longitudinal analysis; identity-based expression of mental health; linguistic differences in mental health expression and support; support behavior and cultural homophily; cross-platform validation; identity-based expression of mental health; linguistic differences in mental health expression; general linguistic differences; differences in clinical language; support practices and cultural homophily; impact on forum success; characterizing success: moment of change; impact of cultural differences on forum success; identity; language; homophily; discussion; implications of cultural differences; the importance of cultural differences online; potential reasons for cultural differences; design recommendations; peer matching and community building; building predictive models; limitations and future work; conclusion,introduction background and related work past work in mental health and hci crosscultural difference in expression of mental health expression of mental health in general online community cultural difference in online mental health community data and method of analysis method of analysis selection criterion and data scope defining cultural identity and use of clinical language constraint limitation and tradeoff platform context talklife defining post and reply cup privacy ethic and disclosure cross sectional analysis identitybased expression of mental health linguistic difference in mental health expression and support difference in clinical language use general linguistic difference support behavior and cultural homophily longitudinal analysis identitybased expression of mental health linguistic difference in mental health expression and support support behavior and cultural homophily crossplatform validation identitybased expression of mental health linguistic difference in mental health expression general linguistic difference difference in clinical language support practice and cultural homophily impact on forum success characterizing success moment of change impact of cultural difference on forum success identity language homophily discussion implication of cultural difference the importance of cultural difference online potential reason for cultural difference design recommendation peer matching and community building building predictive model limitation and future work conclusion,"['background', 'past', 'hci', 'crosscultural', 'expression', 'expression', 'general', 'online', 'community', 'online', 'community', 'selection', 'criterion', 'scope', 'defining', 'identity', 'clinical', 'language', 'constraint', 'limitation', 'tradeoff', 'platform', 'context', 'talklife', 'defining', 'post', 'reply', 'cup', 'privacy', 'ethic', 'disclosure', 'cross', 'sectional', 'identitybased', 'expression', 'expression', 'clinical', 'language', 'general', 'behavior', 'homophily', 'longitudinal', 'identitybased', 'expression', 'expression', 'behavior', 'homophily', 'crossplatform', 'validation', 'identitybased', 'expression', 'expression', 'general', 'clinical', 'language', 'practice', 'homophily', 'impact', 'forum', 'success', 'characterizing', 'success', 'moment', 'change', 'impact', 'forum', 'success', 'identity', 'language', 'homophily', 'implication', 'importance', 'online', 'potential', 'reason', 'design', 'recommendation', 'peer', 'matching', 'community', 'building', 'building', 'predictive', 'model', 'limitation', 'future']","['background past', 'past hci', 'hci crosscultural', 'crosscultural expression', 'expression expression', 'expression general', 'general online', 'online community', 'community online', 'online community', 'community selection', 'selection criterion', 'criterion scope', 'scope defining', 'defining identity', 'identity clinical', 'clinical language', 'language constraint', 'constraint limitation', 'limitation tradeoff', 'tradeoff platform', 'platform context', 'context talklife', 'talklife defining', 'defining post', 'post reply', 'reply cup', 'cup privacy', 'privacy ethic', 'ethic disclosure', 'disclosure cross', 'cross sectional', 'sectional identitybased', 'identitybased expression', 'expression expression', 'expression clinical', 'clinical language', 'language general', 'general behavior', 'behavior homophily', 'homophily longitudinal', 'longitudinal identitybased', 'identitybased expression', 'expression expression', 'expression behavior', 'behavior homophily', 'homophily crossplatform', 'crossplatform validation', 'validation identitybased', 'identitybased expression', 'expression expression', 'expression general', 'general clinical', 'clinical language', 'language practice', 'practice homophily', 'homophily impact', 'impact forum', 'forum success', 'success characterizing', 'characterizing success', 'success moment', 'moment change', 'change impact', 'impact forum', 'forum success', 'success identity', 'identity language', 'language homophily', 'homophily implication', 'implication importance', 'importance online', 'online potential', 'potential reason', 'reason design', 'design recommendation', 'recommendation peer', 'peer matching', 'matching community', 'community building', 'building building', 'building predictive', 'predictive model', 'model limitation', 'limitation future']","['background past hci', 'past hci crosscultural', 'hci crosscultural expression', 'crosscultural expression expression', 'expression expression general', 'expression general online', 'general online community', 'online community online', 'community online community', 'online community selection', 'community selection criterion', 'selection criterion scope', 'criterion scope defining', 'scope defining identity', 'defining identity clinical', 'identity clinical language', 'clinical language constraint', 'language constraint limitation', 'constraint limitation tradeoff', 'limitation tradeoff platform', 'tradeoff platform context', 'platform context talklife', 'context talklife defining', 'talklife defining post', 'defining post reply', 'post reply cup', 'reply cup privacy', 'cup privacy ethic', 'privacy ethic disclosure', 'ethic disclosure cross', 'disclosure cross sectional', 'cross sectional identitybased', 'sectional identitybased expression', 'identitybased expression expression', 'expression expression clinical', 'expression clinical language', 'clinical language general', 'language general behavior', 'general behavior homophily', 'behavior homophily longitudinal', 'homophily longitudinal identitybased', 'longitudinal identitybased expression', 'identitybased expression expression', 'expression expression behavior', 'expression behavior homophily', 'behavior homophily crossplatform', 'homophily crossplatform validation', 'crossplatform validation identitybased', 'validation identitybased expression', 'identitybased expression expression', 'expression expression general', 'expression general clinical', 'general clinical language', 'clinical language practice', 'language practice homophily', 'practice homophily impact', 'homophily impact forum', 'impact forum success', 'forum success characterizing', 'success characterizing success', 'characterizing success moment', 'success moment change', 'moment change impact', 'change impact forum', 'impact forum success', 'forum success identity', 'success identity language', 'identity language homophily', 'language homophily implication', 'homophily implication importance', 'implication importance online', 'importance online potential', 'online potential reason', 'potential reason design', 'reason design recommendation', 'design recommendation peer', 'recommendation peer matching', 'peer matching community', 'matching community building', 'community building building', 'building building predictive', 'building predictive model', 'predictive model limitation', 'model limitation future']"
https://bmcbioinformatics.biomedcentral.com/articles/10.1186/s12859-018-2197-z,1,Abstract; background; related work; methods; word embeddings; word2vec; clustering; suicideWatch; results; experimental parameters; analysis of word representations; analysis of informal topics; comparison to risk factors; discussion; conclusion,abstract background related work method word embeddings wordvec clustering suicidewatch result experimental parameter analysis of word representation analysis of informal topic comparison to risk factor discussion conclusion,"['background', 'word', 'embeddings', 'wordvec', 'clustering', 'suicidewatch', 'experimental', 'parameter', 'word', 'representation', 'informal', 'topic', 'comparison', 'risk', 'factor']","['background word', 'word embeddings', 'embeddings wordvec', 'wordvec clustering', 'clustering suicidewatch', 'suicidewatch experimental', 'experimental parameter', 'parameter word', 'word representation', 'representation informal', 'informal topic', 'topic comparison', 'comparison risk', 'risk factor']","['background word embeddings', 'word embeddings wordvec', 'embeddings wordvec clustering', 'wordvec clustering suicidewatch', 'clustering suicidewatch experimental', 'suicidewatch experimental parameter', 'experimental parameter word', 'parameter word representation', 'word representation informal', 'representation informal topic', 'informal topic comparison', 'topic comparison risk', 'comparison risk factor']"
https://ieeexplore.ieee.org/abstract/document/8609647,0,Abstract; introduction; related work; methodology; dataset; user interactions model and discussion trees; relationship modeling network (RMN); user activities and interaction; discussion patterns; discussion trees; descriptors analysis; conclusion,abstract introduction related work methodology dataset user interaction model and discussion tree relationship modeling network rmn user activity and interaction discussion pattern discussion tree descriptor analysis conclusion,"['methodology', 'dataset', 'interaction', 'model', 'tree', 'relationship', 'modeling', 'network', 'rmn', 'activity', 'interaction', 'pattern', 'tree', 'descriptor']","['methodology dataset', 'dataset interaction', 'interaction model', 'model tree', 'tree relationship', 'relationship modeling', 'modeling network', 'network rmn', 'rmn activity', 'activity interaction', 'interaction pattern', 'pattern tree', 'tree descriptor']","['methodology dataset interaction', 'dataset interaction model', 'interaction model tree', 'model tree relationship', 'tree relationship modeling', 'relationship modeling network', 'modeling network rmn', 'network rmn activity', 'rmn activity interaction', 'activity interaction pattern', 'interaction pattern tree', 'pattern tree descriptor']"
